id,first_name,last_name,email,telephone,orchestra_id
1,Jasmine,Strong,JasmineJStrong@einrot.com,985-685-2510,1
2,Joseph,Keith,JosephTKeith@teleworm.us,775-426-0146,1
3,Domenica,Montgomery,DomenicaMMontgomery@gustr.com,802-453-3494,1
4,Peter,Martin,PeterTMartin@fleckens.hu,716-526-9446,1
5,Wallace,Corrales,WallaceRCorrales@einrot.com,253-256-2829,1
6,Nancy,Bell,NancyGBell@superrito.com,305-261-9704,1
7,James,Davis,JamesTDavis@armyspy.com,201-456-9416,1
8,Lonny,Hauck,LonnyAHauck@superrito.com,715-214-7981,1
9,Kathy,Batts,KathyEBatts@cuvox.de,713-324-6899,1
10,Ignacio,Parnell,IgnacioCParnell@armyspy.com,401-417-8274,1
11,Deanna,Mazzella,DeannaWMazzella@fleckens.hu,214-579-0546,1
12,Gary,Purcell,GaryTPurcell@armyspy.com,985-375-6343,1
13,Richard,Hale,RichardHHale@dayrep.com,830-238-3099,1
14,Albert,Mullis,AlbertMMullis@jourrapide.com,229-740-9374,1
15,Audrey,Becerra,AudreyFBecerra@rhyta.com,716-853-4331,1
16,Ruben,Copper,RubenSCopper@fleckens.hu,806-795-7512,1
17,Betty,Piazza,BettyDPiazza@dayrep.com,614-719-1036,1
18,Mark,Killeen,MarkOKilleen@cuvox.de,218-245-3490,1
19,Randall,Hein,RandallFHein@rhyta.com,301-314-7808,1
20,Maria,Johnston,MariaLJohnston@cuvox.de,909-290-0035,1
21,William,Grady,WilliamCGrady@einrot.com,618-968-9384,1
22,Stephen,Hinkle,StephenJHinkle@armyspy.com,253-375-0634,1
23,Anne,Cochran,AnneWCochran@jourrapide.com,903-216-3845,1
24,Yesenia,Macias,YeseniaJMacias@jourrapide.com,315-677-2254,1
25,Jenny,Murphy,JennyRMurphy@gustr.com,857-814-8136,1
26,Christine,Flanagan,ChristineEFlanagan@superrito.com,509-283-9401,1
27,Diane,Jenkins,DianeBJenkins@rhyta.com,510-759-7449,1
28,Eileen,Griego,EileenMGriego@jourrapide.com,570-604-0936,1
29,Michael,Fuller,MichaelDFuller@cuvox.de,618-907-1130,1
30,Ericka,Benitez,ErickaLBenitez@gustr.com,951-710-4002,1
31,Kimberley,Konrad,KimberleyWKonrad@fleckens.hu,503-487-9228,1
32,John,Manns,JohnEManns@teleworm.us,919-309-8202,1
33,Peter,Miller,PeterEMiller@cuvox.de,720-684-1575,1
34,Jacob,Moffett,JacobNMoffett@cuvox.de,818-613-4909,1
35,Devon,Oakes,DevonCOakes@armyspy.com,919-201-8354,1
36,Roy,Harris,RoyLHarris@jourrapide.com,304-650-6304,2
37,Frances,Vinson,FrancesAVinson@dayrep.com,812-673-3008,2
38,Sherlene,Dodson,SherleneGDodson@armyspy.com,918-966-3703,2
39,Sam,Brouillard,SamABrouillard@superrito.com,608-287-7852,2
40,Mattie,Smith,MattieFSmith@superrito.com,509-523-4206,2
41,Adam,Knight,AdamMKnight@rhyta.com,586-883-1850,2
42,Heather,King,HeatherDKing@rhyta.com,623-932-5597,2
43,Joshua,White,JoshuaRWhite@fleckens.hu,701-257-6654,2
44,Isaac,Newman,IsaacPNewman@superrito.com,212-839-2550,2
45,Patrick,James,PatrickNJames@armyspy.com,720-310-1796,2
46,Kenneth,Robinson,KennethMRobinson@teleworm.us,313-841-0687,2
47,Andrew,Dick,AndrewLDick@teleworm.us,573-438-8990,2
48,Richard,Kosinski,RichardMKosinski@jourrapide.com,513-989-6905,2
49,John,Walker,JohnPWalker@fleckens.hu,580-758-8580,2
50,Josiah,Trotter,JosiahMTrotter@rhyta.com,281-325-8074,2
51,Kala,Womack,KalaTWomack@gustr.com,606-785-7368,2
52,Donna,Taylor,DonnaJTaylor@jourrapide.com,804-829-2210,2
53,Roberta,Terrell,RobertaJTerrell@fleckens.hu,702-612-0416,2
54,Henry,Singer,HenryESinger@superrito.com,631-741-2758,2
55,Joan,Middlebrooks,JoanSMiddlebrooks@cuvox.de,301-445-4502,2
56,Florence,Bell,FlorenceABell@fleckens.hu,870-454-9744,2
57,Sergio,Peck,SergioJPeck@cuvox.de,501-464-1871,2
58,Betty,Lambert,BettyRLambert@einrot.com,302-406-5658,2
59,Tiffiny,Edwards,TiffinyTEdwards@dayrep.com,907-389-0965,2
60,Scott,Cox,ScottKCox@cuvox.de,217-827-5381,2
61,Steven,Silvas,StevenMSilvas@dayrep.com,781-448-6644,2
62,Lawrence,Fountain,LawrenceLFountain@gustr.com,708-393-3345,2
63,Marian,Hicks,MarianCHicks@jourrapide.com,732-247-1413,2
64,Gary,Stamey,GaryEStamey@teleworm.us,781-233-2717,2
65,Julie,Rojas,JulieJRojas@jourrapide.com,806-372-0229,2
66,James,Page,JamesAPage@dayrep.com,325-446-3742,2
67,Kelli,Harding,KelliJHarding@fleckens.hu,419-318-8530,2
68,Vikki,Branch,VikkiRBranch@teleworm.us,507-864-7004,2
69,Angel,Oneal,AngelDOneal@einrot.com,802-349-1990,2
70,Charles,Carrion,CharlesRCarrion@teleworm.us,919-820-9954,2
71,Leon,Dillard,LeonSDillard@dayrep.com,310-813-9338,2
72,Randall,Niemann,RandallDNiemann@armyspy.com,661-236-6305,2
73,Walter,Book,WalterTBook@teleworm.us,502-428-5923,2
74,Flora,Jones,FloraBJones@dayrep.com,562-686-8466,2
75,Alison,Coston,AlisonDCoston@cuvox.de,571-201-7598,2
76,Shelly,Drake,ShellyPDrake@jourrapide.com,828-897-1493,2
77,Don,Avery,DonSAvery@einrot.com,925-521-9382,2
78,Arnold,Spaulding,ArnoldJSpaulding@cuvox.de,281-346-2914,2
79,Sean,Rodriguez,SeanVRodriguez@superrito.com,309-582-3008,2
80,John,McKenzie,JohnJMcKenzie@einrot.com,605-627-6209,2
81,James,Coleman,JamesMColeman@teleworm.us,781-443-9959,2
82,Patricia,Norman,PatriciaENorman@superrito.com,337-830-7696,2
83,Miguel,Ross,MiguelRRoss@rhyta.com,907-270-5661,2
84,Julie,Burke,JulieJBurke@armyspy.com,917-231-1616,2
85,Robert,Collins,RobertCCollins@dayrep.com,917-281-4984,2
86,Douglas,Jason,DouglasJJason@teleworm.us,504-825-6774,2
87,Joseph,Hillard,JosephMHillard@armyspy.com,479-725-5859,2
88,Christie,Sink,ChristieJSink@dayrep.com,210-328-1123,2
89,Ellen,White,EllenTWhite@teleworm.us,919-595-3398,2
90,Drusilla,Aiello,DrusillaRAiello@teleworm.us,310-537-8198,2
91,Carla,Dalzell,CarlaDDalzell@cuvox.de,320-295-6775,2
92,Howard,O'Connor,HowardMOConnor@einrot.com,949-424-2266,2
93,Daniel,McEachern,DanielLMcEachern@einrot.com,217-530-3583,2
94,Dawn,Garcia,DawnDGarcia@cuvox.de,907-329-4532,2
95,Odette,Best,OdetteGBest@rhyta.com,513-695-1828,2
96,Marissa,Watkins,MarissaWWatkins@dayrep.com,228-455-6044,2
97,Stephanie,Barry,StephanieRBarry@einrot.com,401-767-6081,2
98,Harvey,Fisher,HarveyAFisher@dayrep.com,912-539-7275,2
99,Bessie,Farr,BessieWFarr@fleckens.hu,320-592-3873,2
100,Donald,Pearcy,DonaldDPearcy@superrito.com,305-369-9159,2
101,Frederick,Hogan,FrederickBHogan@armyspy.com,931-535-2000,2
102,Randall,Balas,RandallDBalas@superrito.com,617-542-2844,2
103,Rachel,Davis,RachelJDavis@dayrep.com,561-435-6854,2
104,Andrew,Ames,AndrewMAmes@superrito.com,484-603-7267,2
105,Adam,Rodriguez,AdamCRodriguez@fleckens.hu,912-709-7531,2
106,Alfredo,Turner,AlfredoATurner@fleckens.hu,541-767-8324,2
107,Dona,McCloud,DonaMMcCloud@jourrapide.com,301-997-0758,2
108,Judy,Dominique,JudyRDominique@jourrapide.com,208-547-7415,2
109,Michael,Wallen,MichaelJWallen@rhyta.com,786-553-2868,2
110,Warren,Griffin,WarrenAGriffin@fleckens.hu,404-848-6276,2
111,Seth,Clarke,SethFClarke@superrito.com,509-688-8043,2
112,Joan,Gallant,JoanCGallant@jourrapide.com,262-246-7592,2
113,Ann,Kuhn,AnnTKuhn@cuvox.de,512-985-1699,2
114,Cornelius,Jordan,CorneliusLJordan@gustr.com,513-759-1077,2
115,Jacob,Mikels,JacobBMikels@einrot.com,918-542-7862,2
116,Jimmy,Schultz,JimmyCSchultz@jourrapide.com,253-262-6112,2
117,Tessie,Frazier,TessieDFrazier@einrot.com,801-412-7349,2
118,Edna,Worthington,EdnaAWorthington@armyspy.com,510-808-4935,2
119,William,Alonzo,WilliamMAlonzo@gustr.com,740-966-1981,2
120,Linda,Nelson,LindaJNelson@gustr.com,512-339-4108,2
121,Cesar,Hill,CesarMHill@cuvox.de,989-282-5436,2
122,Amber,Hammond,AmberHHammond@einrot.com,214-616-9486,2
123,Cassandra,Sanchez,CassandraDSanchez@superrito.com,314-786-4637,2
124,Anthony,Williams,AnthonyCWilliams@jourrapide.com,580-772-9365,2
125,Vernon,Cheek,VernonCCheek@armyspy.com,646-475-7704,2
126,Rickie,Morgan,RickieJMorgan@dayrep.com,865-470-0561,2
127,Denise,Springer,DeniseLSpringer@fleckens.hu,559-827-5607,2
128,Elizabeth,Carty,ElizabethFCarty@dayrep.com,973-739-2770,2
129,Christine,Williams,ChristineRWilliams@superrito.com,217-820-6087,2
130,Kevin,Dickerson,KevinCDickerson@jourrapide.com,509-997-5590,2
131,Fred,Allen,FredFAllen@dayrep.com,504-245-2334,2
132,Katie,Buckner,KatieBBuckner@jourrapide.com,901-898-3949,2
133,Charles,Day,CharlesSDay@teleworm.us,614-246-7469,2
134,Michael,Wilson,MichaelPWilson@armyspy.com,732-485-2788,2
135,Kourtney,Hall,KourtneyDHall@fleckens.hu,603-571-3397,2
136,Larry,Raleigh,LarryMRaleigh@einrot.com,701-755-5942,2
137,Marvin,Kelly,MarvinPKelly@armyspy.com,702-794-4061,2
138,Juli,Mason,JuliJMason@einrot.com,301-741-1600,2
139,George,Whitehead,GeorgeKWhitehead@armyspy.com,302-314-6723,2
140,Christopher,Garrett,ChristopherCGarrett@dayrep.com,312-378-5310,2
141,Ruby,Atkins,RubyRAtkins@cuvox.de,407-907-7522,2
142,Lillie,Russell,LillieJRussell@einrot.com,314-330-9986,2
143,Alicia,Taylor,AliciaRTaylor@gustr.com,978-292-6277,2
144,Paul,Singh,PaulJSingh@cuvox.de,978-413-6111,2
145,Kevin,Arce,KevinBArce@superrito.com,708-993-5349,2
146,Terry,Skillman,TerrySSkillman@superrito.com,520-546-1640,3
147,Kristen,Sweat,KristenCSweat@fleckens.hu,617-648-3877,3
148,Salvador,Wilson,SalvadorEWilson@armyspy.com,626-381-4554,3
149,James,Watanabe,JamesSWatanabe@gustr.com,407-423-4020,3
150,Antonio,Broderick,AntonioJBroderick@einrot.com,909-632-1165,3
151,Gail,Moreland,GailWMoreland@teleworm.us,540-845-2920,3
152,Sharlene,Norwood,SharleneSNorwood@rhyta.com,901-369-4459,3
153,Roy,Ponce,RoyNPonce@rhyta.com,402-620-6644,3
154,Sidney,Deutsch,SidneyCDeutsch@einrot.com,352-563-8570,3
155,Ruth,Yohe,RuthDYohe@jourrapide.com,910-297-2329,3
156,Thomas,Brake,ThomasCBrake@armyspy.com,513-296-2206,3
157,Erik,Coy,ErikLCoy@superrito.com,217-552-5723,3
158,William,Kaplan,WilliamLKaplan@armyspy.com,405-521-6820,3
159,Maureen,Salvo,MaureenDSalvo@jourrapide.com,828-410-1589,3
160,Richard,Perez,RichardCPerez@superrito.com,785-965-6793,3
161,Jon,Crites,JonNCrites@jourrapide.com,214-360-6429,3
162,Shirley,Clark,ShirleyAClark@gustr.com,707-891-0019,3
163,Edward,Holmes,EdwardSHolmes@armyspy.com,513-290-2260,3
164,Kristy,Brown,KristyJBrown@rhyta.com,843-663-2423,3
165,Alicia,Burke,AliciaHBurke@rhyta.com,704-443-1304,3
166,Robert,Say,RobertRSay@rhyta.com,858-485-7650,3
167,Winifred,Rodriquez,WinifredFRodriquez@armyspy.com,207-745-9554,3
168,Floretta,Ohl,FlorettaBOhl@teleworm.us,620-273-7189,3
169,Pamela,Howard,PamelaCHoward@armyspy.com,206-923-2711,3
170,David,Plascencia,DavidSPlascencia@fleckens.hu,276-995-4363,3
171,Richard,Behler,RichardTBehler@rhyta.com,508-539-9772,3
172,Heather,Tharpe,HeatherRTharpe@einrot.com,816-425-0111,3
173,Fannie,Dillard,FannieCDillard@armyspy.com,618-229-4539,3
174,Lanny,Aleshire,LannyJAleshire@gustr.com,318-870-8689,3
175,Nichole,Taylor,NicholeGTaylor@jourrapide.com,954-693-2300,3
176,Ashley,Brown,AshleyABrown@dayrep.com,770-730-9293,3
177,Wayne,Rambo,WayneMRambo@fleckens.hu,281-454-9245,3
178,Donald,Czech,DonaldBCzech@einrot.com,815-396-6212,3
179,Marsha,Dunlap,MarshaADunlap@superrito.com,973-482-3651,3
180,Kate,Burns,KateGBurns@teleworm.us,401-793-6614,3
181,Robert,Soderlund,RobertSSoderlund@einrot.com,270-336-5996,3
182,Marjorie,Jones,MarjorieEJones@fleckens.hu,321-662-0585,3
183,Lawrence,Purkey,LawrenceLPurkey@fleckens.hu,904-534-6149,3
184,Robin,White,RobinMWhite@rhyta.com,361-701-7096,3
185,Ernest,Schulte,ErnestGSchulte@fleckens.hu,626-403-7137,3
186,Nolan,Brooks,NolanCBrooks@superrito.com,910-740-9003,3
187,Bonnie,Jacobson,BonnieRJacobson@teleworm.us,518-724-6547,3
188,Christine,Baker,ChristineVBaker@fleckens.hu,402-589-1595,3
189,Nicholas,Hyder,NicholasJHyder@gustr.com,541-687-8122,3
190,Sharon,Wu,SharonMWu@einrot.com,217-829-4238,3
191,Gloria,Woodside,GloriaWWoodside@rhyta.com,989-274-7204,3
192,Jamie,Cannella,JamieBCannella@teleworm.us,435-979-0916,3
193,Harry,Losoya,HarryNLosoya@gustr.com,937-542-2995,3
194,Michelle,Perez,MichelleLPerez@teleworm.us,510-664-2040,3
195,Donna,Alonzo,DonnaWAlonzo@cuvox.de,218-352-7011,3
196,Ivelisse,Bertram,IvelisseMBertram@dayrep.com,509-896-5837,3
197,Irma,Gregg,IrmaQGregg@armyspy.com,602-234-8363,3
198,Karen,Vandyke,KarenCVandyke@teleworm.us,215-626-9155,3
199,Susanne,Wile,SusanneTWile@dayrep.com,770-264-9998,3
200,Jonathan,Flores,JonathanPFlores@dayrep.com,240-426-8496,3
201,Kyle,McMillan,KyleJMcMillan@superrito.com,662-444-5040,3
202,Philip,Lawson,PhilipILawson@rhyta.com,606-678-6033,3
203,Kenneth,Lyons,KennethMLyons@einrot.com,614-276-4636,3
204,Clifford,Bouton,CliffordMBouton@einrot.com,401-338-3158,3
205,Robert,Grigsby,RobertBGrigsby@superrito.com,405-747-1256,3
206,Jesse,Flores,JesseMFlores@einrot.com,502-443-2410,3
207,William,Goehring,WilliamEGoehring@jourrapide.com,662-427-9090,3
208,Hannelore,Dreyer,HanneloreGDreyer@armyspy.com,305-210-4610,3
209,Blaine,Scarborough,BlaineIScarborough@teleworm.us,605-780-9778,3
210,Marie,Henderson,MarieCHenderson@teleworm.us,765-936-6979,3
211,Mildred,Bettis,MildredEBettis@dayrep.com,228-701-1868,3
212,Linda,Mayfield,LindaMMayfield@cuvox.de,301-904-0046,3
213,Victoria,Mosqueda,VictoriaDMosqueda@teleworm.us,267-223-2504,3
214,Daryl,Wadsworth,DarylRWadsworth@teleworm.us,469-550-5320,3
215,Betty,Perez,BettyDPerez@armyspy.com,502-857-0528,3
216,Tara,John,TaraJJohn@teleworm.us,312-423-6055,3
217,Catherine,Wafer,CatherineRWafer@dayrep.com,360-807-0495,3
218,Carol,Albright,CarolAAlbright@einrot.com,563-210-7908,3
219,Theresa,Arnold,TheresaJArnold@dayrep.com,718-888-6266,3
220,Warren,Staples,WarrenCStaples@fleckens.hu,303-929-3040,3
221,Billy,Lopez,BillyFLopez@fleckens.hu,805-535-0192,3
222,Carolyn,Hoose,CarolynJHoose@rhyta.com,612-880-6740,3
223,Christina,Ross,ChristinaPRoss@cuvox.de,830-984-6631,3
224,Sarah,Barker,SarahRBarker@rhyta.com,563-535-1338,3
225,Kathleen,Wolverton,KathleenRWolverton@fleckens.hu,619-219-3965,3
226,James,Carlson,JamesECarlson@dayrep.com,919-865-8122,3
227,Kari,Alford,KariRAlford@cuvox.de,408-282-0768,3
228,Billy,Bennett,BillyVBennett@superrito.com,732-613-2642,3
229,Manuel,Nunez,ManuelBNunez@gustr.com,469-733-0686,3
230,Travis,Tapp,TravisCTapp@jourrapide.com,815-730-6500,3
231,Russell,Hansen,RussellJHansen@einrot.com,917-990-4049,3
232,William,Lewellen,WilliamMLewellen@dayrep.com,858-410-0980,3
233,Sue,Galvez,SueCGalvez@rhyta.com,570-319-6360,3
234,John,Izzo,JohnDIzzo@teleworm.us,406-733-7286,3
235,James,Ostrander,JamesTOstrander@armyspy.com,417-206-3754,3
236,Irene,Rudolph,IreneCRudolph@armyspy.com,806-637-4667,3
237,Bryon,Wojtowicz,BryonLWojtowicz@jourrapide.com,352-797-3705,3
238,Nancy,Brown,NancyRBrown@jourrapide.com,209-230-6998,3
239,Mary,McGowan,MarySMcGowan@dayrep.com,513-526-5503,3
240,Naomi,White,NaomiKWhite@fleckens.hu,732-510-7497,3
241,Joshua,McElroy,JoshuaSMcElroy@einrot.com,318-793-0883,3
242,Derrick,Chappell,DerrickTChappell@cuvox.de,760-279-2682,3
243,Vera,Kleckner,VeraWKleckner@cuvox.de,432-235-6792,3
244,Wayne,Washington,WayneEWashington@fleckens.hu,352-568-3446,3
245,Joanna,Riggs,JoannaRRiggs@cuvox.de,518-370-4964,3
246,Rita,Hirt,RitaPHirt@dayrep.com,501-398-2913,3
247,Julianna,Williams,JuliannaJWilliams@jourrapide.com,267-497-2832,3
248,Alma,Conway,AlmaJConway@einrot.com,262-243-9812,3
249,Melody,Phifer,MelodyCPhifer@teleworm.us,718-683-1484,3
250,Margaret,Coleman,MargaretPColeman@superrito.com,270-302-0145,3
251,Dixie,Peer,DixieSPeer@jourrapide.com,814-682-3373,3
252,Annie,Palmer,AnnieRPalmer@teleworm.us,734-374-2754,3
253,Dennis,Robicheaux,DennisCRobicheaux@dayrep.com,260-761-1726,3
254,Jan,White,JanTWhite@cuvox.de,901-789-6681,3
255,Michael,Roman,MichaelERoman@dayrep.com,213-467-5439,3
256,Walter,McInerney,WalterTMcInerney@armyspy.com,641-948-2685,3
257,Karen,Quigley,KarenXQuigley@teleworm.us,325-998-1137,3
258,Winnifred,Sayer,WinnifredESayer@superrito.com,863-801-9588,3
259,Matthew,Hinds,MatthewLHinds@rhyta.com,410-327-3035,3
260,Carlos,Hart,CarlosCHart@jourrapide.com,631-227-7869,3
261,Vernon,Douglass,VernonBDouglass@cuvox.de,314-646-1172,3
262,Heather,Barker,HeatherWBarker@teleworm.us,573-694-8464,3
263,Michael,Reber,MichaelMReber@cuvox.de,310-293-2505,3
264,Joyce,Marsh,JoyceAMarsh@superrito.com,609-735-6291,3
265,Robert,Sanchez,RobertCSanchez@superrito.com,402-597-5940,3
266,Alice,McLeod,AliceJMcLeod@rhyta.com,806-337-6684,3
267,Robert,Bradwell,RobertSBradwell@einrot.com,917-480-7870,3
268,Frank,Baldwin,FrankJBaldwin@armyspy.com,714-342-6842,3
269,Nathaniel,Meadows,NathanielBMeadows@gustr.com,607-717-3503,3
270,Eric,Stinnett,EricAStinnett@jourrapide.com,724-902-1857,3
271,Becky,Salinas,BeckyRSalinas@dayrep.com,775-636-1261,3
272,Jeffrey,Taylor,JeffreyLTaylor@dayrep.com,805-295-4186,3
273,Raul,Poe,RaulLPoe@fleckens.hu,617-241-7844,3
274,Glenn,Little,GlennMLittle@dayrep.com,207-226-9212,3
275,Christy,McKenzie,ChristyJMcKenzie@superrito.com,520-577-2981,3
276,Steven,Weeks,StevenRWeeks@armyspy.com,973-578-1437,3
277,Huey,Anderson,HueyLAnderson@gustr.com,443-280-9061,3
278,Krystal,Guy,KrystalPGuy@armyspy.com,701-274-8611,3
279,Treva,Cross,TrevaACross@cuvox.de,360-229-5462,3
280,Geoffrey,Stevenson,GeoffreyCStevenson@teleworm.us,321-329-6627,3
281,Lisa,Bateman,LisaKBateman@armyspy.com,925-335-4421,3
282,Connie,Martin,ConnieCMartin@dayrep.com,716-537-8990,3
283,Charles,Schneider,CharlesMSchneider@jourrapide.com,260-427-8726,3
284,Antonia,Liu,AntoniaLLiu@dayrep.com,704-777-7371,3
285,Carol,Hamilton,CarolAHamilton@teleworm.us,516-739-7405,3
286,Dustin,Vance,DustinRVance@jourrapide.com,818-735-7117,3
287,Tracy,Lopez,TracyBLopez@rhyta.com,239-745-7266,3
288,Barbara,Johnson,BarbaraJJohnson@cuvox.de,614-891-2021,3
289,Sherry,Giardina,SherryFGiardina@dayrep.com,330-445-1522,3
290,Johnathan,Overholt,JohnathanMOverholt@rhyta.com,425-828-5552,3
291,Hans,Prange,HansAPrange@teleworm.us,773-592-8075,3
292,Tracy,Jarrell,TracyWJarrell@armyspy.com,931-285-5807,3
293,Devora,Johnson,DevoraEJohnson@superrito.com,337-626-2878,3
294,Roy,Cox,RoyJCox@dayrep.com,206-972-6171,3
295,Peggy,Flanagan,PeggyVFlanagan@superrito.com,781-609-2531,3
296,Nena,Cox,NenaJCox@dayrep.com,501-862-9674,3
297,Gary,Kent,GaryCKent@dayrep.com,925-915-9739,3
298,Lorraine,Ross,LorraineJRoss@cuvox.de,912-497-3835,3
299,Jeff,Highsmith,JeffMHighsmith@jourrapide.com,772-250-6773,3
300,Frances,Knudsen,FrancesJKnudsen@jourrapide.com,207-490-6386,3
